timing,simulator,obstacles,agents,delay_start,delay_interval,delay_ratio,delay_type,data
continuous,online,90,20,0,0,0.1,agent,[]
continuous,snapshot_end,90,20,0,0,0.1,agent,[]
continuous,online_remove_redundant_physical,90,20,0,0,0.1,agent,[]
continuous,online_remove_redundant_graph,90,20,0,0,0.1,agent,[]
continuous,online,90,20,0,1,0.1,agent,[]
continuous,snapshot_end,90,20,0,1,0.1,agent,[]
continuous,online_remove_redundant_physical,90,20,0,1,0.1,agent,[]
continuous,online_remove_redundant_graph,90,20,0,1,0.1,agent,[]
continuous,online,90,20,0,10,0.1,agent,[]
continuous,snapshot_end,90,20,0,10,0.1,agent,[]
continuous,online_remove_redundant_physical,90,20,0,10,0.1,agent,[]
continuous,online_remove_redundant_graph,90,20,0,10,0.1,agent,[]
continuous,online,90,20,0,20,0.1,agent,[]
continuous,snapshot_end,90,20,0,20,0.1,agent,[]
continuous,online_remove_redundant_physical,90,20,0,20,0.1,agent,[]
continuous,online_remove_redundant_graph,90,20,0,20,0.1,agent,[]
continuous,online,90,20,0,0,0.1,agent,[]
continuous,snapshot_end,90,20,0,0,0.1,agent,[]
continuous,online_remove_redundant_physical,90,20,0,0,0.1,agent,[]
continuous,online_remove_redundant_graph,90,20,0,0,0.1,agent,[]
continuous,online,90,20,0,1,0.1,agent,[]
continuous,snapshot_end,90,20,0,1,0.1,agent,[]
continuous,online_remove_redundant_physical,90,20,0,1,0.1,agent,[]
continuous,online_remove_redundant_graph,90,20,0,1,0.1,agent,[]
continuous,online,90,20,0,10,0.1,agent,[]
continuous,snapshot_end,90,20,0,10,0.1,agent,[]
continuous,online_remove_redundant_physical,90,20,0,10,0.1,agent,[]
continuous,online_remove_redundant_graph,90,20,0,10,0.1,agent,[]
continuous,online,90,20,0,20,0.1,agent,[]
continuous,snapshot_end,90,20,0,20,0.1,agent,[]
continuous,online_remove_redundant_physical,90,20,0,20,0.1,agent,[]
continuous,online_remove_redundant_graph,90,20,0,20,0.1,agent,[]
continuous,online,90,20,0,0,0.1,agent,[]
continuous,snapshot_end,90,20,0,0,0.1,agent,[]
continuous,online_remove_redundant_physical,90,20,0,0,0.1,agent,[]
continuous,online_remove_redundant_graph,90,20,0,0,0.1,agent,[]
continuous,online,90,20,0,1,0.1,agent,[]
continuous,snapshot_end,90,20,0,1,0.1,agent,[]
continuous,online_remove_redundant_physical,90,20,0,1,0.1,agent,[]
continuous,online_remove_redundant_graph,90,20,0,1,0.1,agent,[]
continuous,online,90,20,0,10,0.1,agent,[]
continuous,snapshot_end,90,20,0,10,0.1,agent,[]
continuous,online_remove_redundant_physical,90,20,0,10,0.1,agent,[]
continuous,online_remove_redundant_graph,90,20,0,10,0.1,agent,[]
continuous,online,90,20,0,20,0.1,agent,[]
continuous,snapshot_end,90,20,0,20,0.1,agent,[]
continuous,online_remove_redundant_physical,90,20,0,20,0.1,agent,[]
continuous,online_remove_redundant_graph,90,20,0,20,0.1,agent,[]
continuous,online,180,20,0,0,0.1,agent,[]
continuous,snapshot_end,180,20,0,0,0.1,agent,[]
continuous,online_remove_redundant_physical,180,20,0,0,0.1,agent,[]
continuous,online_remove_redundant_graph,180,20,0,0,0.1,agent,[]
continuous,online,180,20,0,1,0.1,agent,[]
continuous,snapshot_end,180,20,0,1,0.1,agent,[]
continuous,online_remove_redundant_physical,180,20,0,1,0.1,agent,[]
continuous,online_remove_redundant_graph,180,20,0,1,0.1,agent,[]
continuous,online,180,20,0,10,0.1,agent,[]
continuous,snapshot_end,180,20,0,10,0.1,agent,[]
continuous,online_remove_redundant_physical,180,20,0,10,0.1,agent,[]
continuous,online_remove_redundant_graph,180,20,0,10,0.1,agent,[]
continuous,online,180,20,0,20,0.1,agent,[]
continuous,snapshot_end,180,20,0,20,0.1,agent,[]
continuous,online_remove_redundant_physical,180,20,0,20,0.1,agent,[]
continuous,online_remove_redundant_graph,180,20,0,20,0.1,agent,[]
continuous,online,180,20,0,0,0.1,agent,[]
continuous,snapshot_end,180,20,0,0,0.1,agent,[]
continuous,online_remove_redundant_physical,180,20,0,0,0.1,agent,[]
continuous,online_remove_redundant_graph,180,20,0,0,0.1,agent,[]
continuous,online,180,20,0,1,0.1,agent,[]
continuous,snapshot_end,180,20,0,1,0.1,agent,[]
continuous,online_remove_redundant_physical,180,20,0,1,0.1,agent,[]
continuous,online_remove_redundant_graph,180,20,0,1,0.1,agent,[]
continuous,online,180,20,0,10,0.1,agent,[]
continuous,snapshot_end,180,20,0,10,0.1,agent,[]
continuous,online_remove_redundant_physical,180,20,0,10,0.1,agent,[]
continuous,online_remove_redundant_graph,180,20,0,10,0.1,agent,[]
continuous,online,180,20,0,20,0.1,agent,[]
continuous,snapshot_end,180,20,0,20,0.1,agent,[]
continuous,online_remove_redundant_physical,180,20,0,20,0.1,agent,[]
continuous,online_remove_redundant_graph,180,20,0,20,0.1,agent,[]
continuous,online,180,20,0,0,0.1,agent,[]
continuous,snapshot_end,180,20,0,0,0.1,agent,[]
continuous,online_remove_redundant_physical,180,20,0,0,0.1,agent,[]
continuous,online_remove_redundant_graph,180,20,0,0,0.1,agent,[]
continuous,online,180,20,0,1,0.1,agent,[]
continuous,snapshot_end,180,20,0,1,0.1,agent,[]
continuous,online_remove_redundant_physical,180,20,0,1,0.1,agent,[]
continuous,online_remove_redundant_graph,180,20,0,1,0.1,agent,[]
continuous,online,180,20,0,10,0.1,agent,[]
continuous,snapshot_end,180,20,0,10,0.1,agent,[]
continuous,online_remove_redundant_physical,180,20,0,10,0.1,agent,[]
continuous,online_remove_redundant_graph,180,20,0,10,0.1,agent,[]
continuous,online,180,20,0,20,0.1,agent,[]
continuous,snapshot_end,180,20,0,20,0.1,agent,[]
continuous,online_remove_redundant_physical,180,20,0,20,0.1,agent,[]
continuous,online_remove_redundant_graph,180,20,0,20,0.1,agent,[]
